id,name,last_name,gender,email,phone,city
1,Lucinda,Ferrieres,Female,lferrieres0@tiny.cc,1042719287,Kaznejov
2,Dalt,Jeens,Male,djeens1@4shared.com,1618634251,Bunga Mas
3,Susann,Pyson,Female,spyson2@who.int,7242625769,Cambanugoy
4,Hatty,McQuarter,Female,hmcquarter3@bbb.org,8209021478,Jammāl
5,Barbee,Mussalli,Female,bmussalli4@paginegialle.it,4349381742,Zarichne
6,Reginauld,Sawell,Male,rsawell5@amazon.co.jp,4928210067,Korotych
7,Manuel,Liebrecht,Male,mliebrecht6@msn.com,4508364372,Ceres
8,Yasmeen,Dallison,Female,ydallison7@hatena.ne.jp,6768545471,Pulosari
9,Teador,Clitherow,Male,tclitherow8@about.me,8794520024,Barinitas
10,Cooper,Milmore,Male,cmilmore9@list-manage.com,5448859992,Baki
11,Mylo,Pau,Male,mpaua@statcounter.com,7362433128,Engenheiro Beltrão
12,Sigfrid,Mary,Male,smaryb@photobucket.com,6389870861,Myasnikyan
13,Kriste,Linke,Female,klinkec@hc360.com,9849115661,Mangere
14,Jarrid,Bartosiak,Male,jbartosiakd@printfriendly.com,1292595710,Parumasan
15,Babara,Fitchet,Female,bfitchete@is.gd,4966628364,Áyios Vasílios
16,Bennie,Kelinge,Male,bkelingef@seesaa.net,4139116694,Springfield
17,Tomasine,Keays,Female,tkeaysg@state.tx.us,9924078543,Centenary
18,Tabatha,Stedmond,Female,tstedmondh@ed.gov,2193304117,Jankowice
19,Myer,Simoni,Male,msimonii@de.vu,8266859752,Xinkai
20,Whitman,Draijer,Male,wdraijerj@free.fr,4595212668,Údlice
21,Eliot,Pinckard,Male,epinckardk@deliciousdays.com,6858796690,Rájec-Jestřebí
22,Brigitte,Hurdiss,Female,bhurdissl@unesco.org,1237354725,Zuitou
23,Toddie,Van der Linde,Male,tvanderlindem@ning.com,9797660235,Prado
24,Georgette,Pringle,Female,gpringlen@yellowpages.com,6042024118,Richards Bay
25,Sadye,Malimoe,Female,smalimoeo@meetup.com,1587301797,Karangdalam
26,Dosi,Bote,Female,dbotep@who.int,2649599302,Gyamco
27,Lois,Feathers,Female,lfeathersq@bing.com,6779336839,Kakamega
28,Annalee,Baynon,Female,abaynonr@gov.uk,5039669479,Portland
29,Antonetta,Ride,Female,arides@microsoft.com,6143075467,Lebak
30,Hussein,Celler,Male,hcellert@loc.gov,4385083013,Gondanglegi Wetan
31,Mitch,Matteotti,Male,mmatteottiu@upenn.edu,3493379026,Manyana
32,Viki,Ottey,Female,votteyv@topsy.com,9495652215,Krajan
33,Faina,Chavrin,Female,fchavrinw@chicagotribune.com,6542495744,Ranambeling
34,Shandy,Drillingcourt,Female,sdrillingcourtx@europa.eu,8008435088,Panadura
35,Audre,Corten,Female,acorteny@posterous.com,6419293181,Fenais da Ajuda
36,Sibella,Singleton,Female,ssingletonz@weebly.com,6439267671,Cravinhos
37,Dexter,Milberry,Male,dmilberry10@posterous.com,5446870143,Puerto Ayacucho
38,Netti,Wiggam,Female,nwiggam11@ft.com,3773341919,Vondrozo
39,Rosemaria,Rameau,Female,rrameau12@cnbc.com,4554024702,Liuliping
40,Tam,Whorlton,Male,twhorlton13@fotki.com,4541601619,Trollhättan
41,Karalynn,Zecchinii,Female,kzecchinii14@dmoz.org,3808486480,Sundbyberg
42,Tate,Kinnard,Male,tkinnard15@bluehost.com,1136436517,Kotingnatagete
43,Rosalynd,Wurz,Female,rwurz16@51.la,8075600241,Mosquera
44,Rodge,Witty,Male,rwitty17@examiner.com,2074702234,Jarash
45,Portie,Niese,Male,pniese18@spiegel.de,2102669138,Gupakan
46,Erinn,Bacon,Female,ebacon19@moonfruit.com,4249825814,Cournon-d'Auvergne
47,Ashli,Abramovici,Female,aabramovici1a@google.es,9233924667,Juanshui
48,Lowe,Dudenie,Male,ldudenie1b@salon.com,5798510704,Ochojno
49,Addison,Scapens,Male,ascapens1c@123-reg.co.uk,6122073926,Caijiagang
50,Sam,Davioud,Female,sdavioud1d@creativecommons.org,7367031500,Tongzi
51,Tymothy,Mulvenna,Male,tmulvenna1e@jugem.jp,4299776611,Huyuan
52,Loraine,Blainey,Female,lblainey1f@github.io,4804442559,Dajin
53,Emili,Dowzell,Female,edowzell1g@t.co,9171675834,Alta Gracia
54,Maxy,Endicott,Female,mendicott1h@lycos.com,1101548210,Reckange-sur-Mess
55,Dale,Auty,Male,dauty1i@who.int,6274194125,Khiwa
56,Garth,Zeal,Male,gzeal1j@reference.com,9122224412,Ferreiras
57,Rheba,Croucher,Female,rcroucher1k@deliciousdays.com,1691264155,Jednorożec
58,Rozanne,Budleigh,Female,rbudleigh1l@mysql.com,6929833015,Paccho
59,Marguerite,Parmeter,Female,mparmeter1m@ca.gov,6665518638,San Juan del Surutú
60,Jordan,Pinniger,Male,jpinniger1n@unicef.org,9701826922,Roberval
61,Petey,Dmych,Male,pdmych1o@symantec.com,5954040164,Nsanje
62,Franz,Leamy,Male,fleamy1p@marketwatch.com,1463063043,Isla Pucú
63,Delcina,Shawley,Female,dshawley1q@nbcnews.com,5145983892,Itaituba
64,Rosmunda,Isham,Female,risham1r@furl.net,5615187900,Rialma
65,Barnett,Langstaff,Male,blangstaff1s@europa.eu,6599141642,Bradashesh
66,Florry,Crankhorn,Female,fcrankhorn1t@java.com,8898269201,Louis Trichardt
67,Ebba,Rizzotto,Female,erizzotto1u@constantcontact.com,5912575908,Pontinha
68,Felipa,Prydie,Female,fprydie1v@shinystat.com,1449911230,Mizque
69,Alta,Hilley,Female,ahilley1w@canalblog.com,8425722531,La Rochelle
70,Fenelia,Esmead,Female,fesmead1x@zdnet.com,3945328777,Tumba
71,Ric,Care,Male,rcare1y@meetup.com,5541067150,Houxiang
72,Mureil,Bogges,Female,mbogges1z@usnews.com,3397071045,Kotido
73,Ronnie,Bicker,Male,rbicker20@yellowpages.com,7702753058,Otrado-Kubanskoye
74,Ericka,Nutt,Female,enutt21@adobe.com,8478429144,Miaotang
75,Illa,Eastop,Female,ieastop22@gnu.org,2314007731,Taipa
76,Hans,Stubbin,Male,hstubbin23@who.int,5127590765,Belozërskoye
77,Sunny,Seyfart,Female,sseyfart24@imageshack.us,7577062212,Budapest
78,Jilly,Klaves,Female,jklaves25@wordpress.com,7083261407,Bebandem
79,Anneliese,Malins,Female,amalins26@lulu.com,8725246847,Ashtarak
80,Bryon,Eldon,Male,beldon27@cyberchimps.com,9437805447,Hisor
81,Humfrey,Licciardello,Male,hlicciardello28@hud.gov,4605177570,Jatisari
82,Sharyl,Cansdall,Female,scansdall29@scribd.com,4968465758,Yuyao
83,Oliy,Cottrill,Female,ocottrill2a@economist.com,6079216087,Vin’kivtsi
84,Krista,Titterington,Female,ktitterington2b@blogger.com,9076128838,Sawahan
85,Stacy,Anselm,Female,sanselm2c@jalbum.net,9918742663,Embu Guaçu
86,Randolph,Oxtoby,Male,roxtoby2d@economist.com,6739457183,Malabar
87,Malynda,Westlake,Female,mwestlake2e@geocities.com,9835888563,Kezileboyi
88,Aubry,Strickett,Female,astrickett2f@homestead.com,3969265611,Nishi-Tokyo-shi
89,Katharina,Sleightholme,Female,ksleightholme2g@cnet.com,6015606940,Lamak
90,Curt,Perle,Male,cperle2h@miitbeian.gov.cn,9823501872,Saguenay
91,Ricardo,Cappel,Male,rcappel2i@wikia.com,6243534058,Panambi
92,Enrico,Girt,Male,egirt2j@mtv.com,3057291134,Bayanaūyl
93,Renae,Vernon,Female,rvernon2k@squidoo.com,9258909972,Rawasan
94,Phaidra,Fotheringham,Female,pfotheringham2l@squarespace.com,3552401308,Rattanaburi
95,Gaspard,Bater,Male,gbater2m@infoseek.co.jp,9568909320,Yupiltepeque
96,Wanda,Heindrich,Female,wheindrich2n@wordpress.com,8374005153,Nishinomiya-hama
97,Fitz,Sharphouse,Male,fsharphouse2o@wikimedia.org,7589946408,Teófilo Otoni
98,Lucias,Dickman,Male,ldickman2p@mapy.cz,4271836342,Bangko
99,Goran,Wrack,Male,gwrack2q@mapy.cz,8989111322,Grimstad
100,Shellysheldon,McCluskey,Male,smccluskey2r@yolasite.com,7741391562,Potrerillos
101,Iorgos,Corbet,Male,icorbet2s@storify.com,1277216531,København
102,Ginger,Whyard,Female,gwhyard2t@constantcontact.com,7156281170,Žebrák
103,Wiley,Everingham,Male,weveringham2u@auda.org.au,6152890030,Épinal
104,Zaria,Starmont,Female,zstarmont2v@spiegel.de,6659011989,Shuidong
105,Xenia,Klassman,Female,xklassman2w@noaa.gov,1768052304,Zhengyangshan
106,Loralie,Marsland,Female,lmarsland2x@baidu.com,3755997804,Fenghuangshan
107,Tris,McGreil,Male,tmcgreil2y@sohu.com,6369636377,Nova Olímpia
108,Dinah,Kovacs,Female,dkovacs2z@trellian.com,6022221993,Bakuriani
109,Mallory,Iamittii,Male,miamittii30@adobe.com,1252479696,Tsagaannuur
110,Suzi,Okenden,Female,sokenden31@woothemes.com,9156597122,Skolkovo
111,Gerti,Torbett,Female,gtorbett32@businessinsider.com,8487329447,Ouzini
112,Louisette,Stamper,Female,lstamper33@vinaora.com,4469667281,Guazapa
113,Karoly,Meineking,Male,kmeineking34@gravatar.com,6945136438,Santo Amador
114,Jada,Scruby,Female,jscruby35@cam.ac.uk,6534304291,Niagara Falls
115,Miguelita,Ballantyne,Female,mballantyne36@ed.gov,6921934946,Tumbi
116,Gennifer,MacGillavery,Female,gmacgillavery37@bloglines.com,9343761899,Hutou
117,Kinny,Loveman,Male,kloveman38@prlog.org,4611548490,Deskáti
118,Philipa,Drinkwater,Female,pdrinkwater39@weibo.com,5123206851,Austin
119,Lazarus,Screas,Male,lscreas3a@deliciousdays.com,6021022186,L-Iklin
120,Reiko,Matussov,Female,rmatussov3b@symantec.com,8737038542,Yuqunweng
121,Courtney,Duff,Male,cduff3c@mail.ru,9782770023,Belle-Anse
122,Chelsae,Willan,Female,cwillan3d@pen.io,5665225663,Ngujung
123,Kaylil,Meers,Female,kmeers3e@reverbnation.com,4064811848,Şaqānis
124,Elwin,Hanburry,Male,ehanburry3f@nsw.gov.au,2926260479,Ålesund
125,Salvatore,Storer,Male,sstorer3g@google.it,8673366237,Ozerki
126,Connie,Lemmertz,Male,clemmertz3h@apple.com,5274069728,Yongfa
127,Thorndike,Barns,Male,tbarns3i@rambler.ru,1117696871,Tit Mellil
128,Clark,Kyttor,Male,ckyttor3j@sogou.com,8123159084,Dmitriyevka
129,Allison,Fetherstone,Female,afetherstone3k@cocolog-nifty.com,5076246522,Youwarou
130,Drusi,Filippov,Female,dfilippov3l@slate.com,1544841923,Eger
131,Mora,Eynaud,Female,meynaud3m@smugmug.com,5135996306,Tsubata
132,Skip,Poltun,Male,spoltun3n@ucoz.com,3057290740,Lenešice
133,Wilden,Carleman,Male,wcarleman3o@list-manage.com,5014270206,São Roque
134,Alex,Cullingford,Female,acullingford3p@ning.com,3332675815,Campo Formoso
135,Tome,McKnockiter,Male,tmcknockiter3q@skype.com,1424813452,Qianchuan
136,Padriac,Blagden,Male,pblagden3r@sakura.ne.jp,9825851422,Visby
137,Harmony,Dwight,Female,hdwight3s@earthlink.net,3518498856,Sibucao
138,Harli,Gosnall,Female,hgosnall3t@vimeo.com,4126257920,Gorjani
139,Gussie,de Tocqueville,Female,gdetocqueville3u@cbsnews.com,3978452369,Mossoró
140,Fergus,McClenaghan,Male,fmcclenaghan3v@spotify.com,5285545255,Sułkowice
141,Jacinda,Dosdill,Female,jdosdill3w@goo.gl,4662238872,La Tinguiña
142,Shawn,Janse,Female,sjanse3x@jiathis.com,6904835750,Huiqi
143,Ericka,Rawood,Female,erawood3y@etsy.com,9228715503,Alimono
144,Damon,Ayrton,Male,dayrton3z@fema.gov,2729831539,Vol’sk
145,Clarance,Fookes,Male,cfookes40@forbes.com,3723258007,Pinggang
146,Phylis,Kivlehan,Female,pkivlehan41@archive.org,8664374710,Pangtangis Dajah
147,Bradford,Smurthwaite,Male,bsmurthwaite42@barnesandnoble.com,2744983006,Békéscsaba
148,Marlene,Glastonbury,Female,mglastonbury43@google.ru,6721091962,Sainte-Martine
149,Putnam,Snelman,Male,psnelman44@yolasite.com,6849780573,Calamba
150,Hodge,Kliment,Male,hkliment45@dell.com,5205442850,Dubai
151,Cristine,Doget,Female,cdoget46@infoseek.co.jp,8632526779,Kolkhozobod
152,Zared,Macbeth,Male,zmacbeth47@princeton.edu,7442084867,Katagum
153,Rosemonde,Dewis,Female,rdewis48@sbwire.com,3172874910,Chernyshevsk
154,Cleo,Points,Female,cpoints49@mayoclinic.com,2084327915,Wilamowice
155,Sidonnie,Soigoux,Female,ssoigoux4a@ucoz.com,2029570875,Washington
156,Maxy,Larway,Female,mlarway4b@home.pl,7831691158,Svenljunga
157,Angela,Roll,Female,aroll4c@ihg.com,3155984837,Rochester
158,Bink,Rogger,Male,brogger4d@ezinearticles.com,8693789064,Tours
159,Sibyl,Adney,Female,sadney4e@admin.ch,7999654809,Beloostrov
160,Prentice,Dorgon,Male,pdorgon4f@bloomberg.com,1125742472,Alto del Espino
161,Berget,Tongs,Female,btongs4g@dedecms.com,6468332491,Qiucun
162,Dani,Strippel,Male,dstrippel4h@ask.com,3921147655,Ribeirão
163,Bunni,Bertomier,Female,bbertomier4i@examiner.com,3075408776,Lai Lai Bisi Kopan
164,Brennen,Willerstone,Male,bwillerstone4j@imdb.com,3892072496,Maiac
165,Hersh,Willison,Male,hwillison4k@dailymotion.com,9106467578,Suḩayl Shibām
166,Jazmin,Lindenberg,Female,jlindenberg4l@noaa.gov,8141564021,Cambé
167,Giuditta,Seed,Female,gseed4m@fotki.com,4429532725,Khamyāb
168,Kittie,Moogan,Female,kmoogan4n@e-recht24.de,3234931084,Heting
169,Reeva,Margaret,Female,rmargaret4o@eventbrite.com,5934388789,Guitang
170,Scottie,Potkin,Male,spotkin4p@nps.gov,9375780865,Dayton
171,Xever,Smoote,Male,xsmoote4q@narod.ru,2183633464,Kasembon
172,Ernst,McPaike,Male,emcpaike4r@vinaora.com,7259919159,Novo
173,Gussi,Balasini,Female,gbalasini4s@google.nl,7796592440,Bayanaūyl
174,Daniela,Nertney,Female,dnertney4t@yale.edu,5841463234,Fengniancun
175,Quint,McLanaghan,Male,qmclanaghan4u@wired.com,1128635260,Priob’ye
176,Domenic,Gallgher,Male,dgallgher4v@behance.net,7371609097,Kirs
177,Pen,Grichukhanov,Male,pgrichukhanov4w@about.com,6797780532,Fareydūnshahr
178,Regine,Amoss,Female,ramoss4x@businessinsider.com,8005912858,Wujingfu
179,Ernie,Blamphin,Male,eblamphin4y@ibm.com,5018407007,Xipingle
180,Weber,Bramer,Male,wbramer4z@mapy.cz,7668302672,Trmice
181,Moritz,Book,Male,mbook50@flickr.com,1812563860,Duzhou
182,Leia,Grassot,Female,lgrassot51@bravesites.com,3212189246,Alto Río Senguer
183,Grover,Budgen,Male,gbudgen52@alexa.com,2246941474,Na Di
184,Sigfrid,Igonet,Male,sigonet53@cam.ac.uk,5059343819,Awat
185,Giustino,Dabell,Male,gdabell54@wikia.com,4533949954,Pocohuanca
186,Renault,Hallt,Male,rhallt55@timesonline.co.uk,1497804247,Shengli
187,Dodi,Garshore,Female,dgarshore56@fotki.com,1907557773,Ongabelen
188,Rennie,Thiem,Female,rthiem57@simplemachines.org,8929856795,Genet
189,Maisey,Giacoppo,Female,mgiacoppo58@xinhuanet.com,9957412752,Trzcinica
190,Vance,Lempel,Male,vlempel59@cocolog-nifty.com,1375013791,San Francisco
191,Georgy,Faichnie,Male,gfaichnie5a@engadget.com,9246943350,Kaeng Khro
192,Tessa,Bake,Female,tbake5b@npr.org,1557197116,Falun
193,Modesty,Izod,Female,mizod5c@businessweek.com,9752789919,Goyty
194,Serena,Stiegers,Female,sstiegers5d@live.com,5144860035,Bulo
195,Uri,Hamon,Male,uhamon5e@google.pl,6645363560,Rimpeso
196,Eddi,Itzkovitch,Female,eitzkovitch5f@wikipedia.org,2644325239,Ganding
197,Anderea,Bartens,Female,abartens5g@hp.com,9155894244,Mahikeng
198,Myrilla,Duxfield,Female,mduxfield5h@canalblog.com,8031112242,Petit Valley
199,Cherin,Cherry Holme,Female,ccherryholme5i@ocn.ne.jp,3749761200,Momignies
200,Joey,Edmondson,Female,jedmondson5j@photobucket.com,7125722582,Rydzyna
201,Arny,Uzielli,Male,auzielli5k@cbsnews.com,6332374152,Šuto Orizare
202,Cass,Boni,Male,cboni5l@yolasite.com,4938570692,Riangwale
203,Pennie,Cossar,Female,pcossar5m@about.com,1868560773,Uchkeken
204,Rubin,Plumley,Male,rplumley5n@youtu.be,3379171169,Yashiro
205,Joya,Boggas,Female,jboggas5o@squarespace.com,4136801898,Libochovice
206,Fonsie,Hayball,Male,fhayball5p@apple.com,5043217333,Carepa
207,Jaquelyn,Dolder,Female,jdolder5q@yellowpages.com,1683909440,San José de las Lajas
208,Lanita,Spriggen,Female,lspriggen5r@wsj.com,4627266236,Przybyszówka
209,Darsie,Hew,Female,dhew5s@msu.edu,3676110390,Marsada
210,Jareb,Toth,Male,jtoth5t@spiegel.de,8789032469,Kohlu
211,Jamal,Shreeves,Male,jshreeves5u@imgur.com,1296430827,Shebalino
212,Ernesta,Tomlett,Female,etomlett5v@army.mil,1181761025,Binalonan
213,Dal,Schubart,Male,dschubart5w@theglobeandmail.com,1487877217,Husów
214,Timmy,Cake,Male,tcake5x@sciencedirect.com,5279741625,Vilppula
215,Spenser,Fewkes,Male,sfewkes5y@squarespace.com,1485436859,Thessalon
216,Travis,Duckerin,Male,tduckerin5z@newyorker.com,7142432688,Sandnes
217,Jade,Lafay,Female,jlafay60@dion.ne.jp,5742982642,Beaumont
218,Karly,Bydaway,Female,kbydaway61@free.fr,5903377297,Junzhuang
219,Meridith,MacKellar,Female,mmackellar62@hhs.gov,7815540038,Ādam
220,Ignazio,Gligoraci,Male,igligoraci63@msu.edu,1037276316,Jinsha
221,Boycie,Leyfield,Male,bleyfield64@google.nl,9251527662,Kut Chap
222,Denys,Ferreli,Male,dferreli65@nifty.com,9276460981,Toupi
223,Reggie,Eplett,Male,replett66@washington.edu,7091014764,Bačka Palanka
224,Mead,Hearl,Male,mhearl67@blinklist.com,5619300547,Barinitas
225,Farlay,Snowdon,Male,fsnowdon68@samsung.com,6928745852,Sātkania
226,Darrick,Grigore,Male,dgrigore69@ebay.com,1958933428,Pincher Creek
227,Elysha,Weatherup,Female,eweatherup6a@accuweather.com,6683864044,Dorupare
228,Pedro,Stabbins,Male,pstabbins6b@linkedin.com,2138358954,Bačka Palanka
229,Pauletta,Patriskson,Female,ppatriskson6c@netvibes.com,7631695255,Kŭlob
230,Mag,Basezzi,Female,mbasezzi6d@eepurl.com,3709238679,Fu’an
231,Cristal,Forde,Female,cforde6e@imageshack.us,4051666698,Köpingsvik
232,Micheline,Teeney,Female,mteeney6f@studiopress.com,9868163389,Le Port
233,Malina,Vere,Female,mvere6g@clickbank.net,2908827867,Isu
234,Saxon,Rickis,Male,srickis6h@oakley.com,3973160077,Guáimaro
235,Carry,O'Fallone,Female,cofallone6i@wikispaces.com,3201185618,Ngou
236,Gerry,Wymer,Female,gwymer6j@ucoz.ru,5267166146,Ehu
237,Maxy,Royden,Female,mroyden6k@answers.com,5761131662,Guimba
238,Maximo,Boodell,Male,mboodell6l@un.org,9401630391,Urungpigang
239,Maisey,Espinola,Female,mespinola6m@hibu.com,4274116286,Yafan
240,Giles,Hoffner,Male,ghoffner6n@squidoo.com,7917881294,Manutapen
241,Evie,McAree,Female,emcaree6o@pbs.org,4041377410,Banghai
242,Amerigo,Allcock,Male,aallcock6p@mapquest.com,8791266073,Labney
243,Maisey,McCawley,Female,mmccawley6q@elpais.com,4327245159,Faḩmah
244,Dareen,Killgus,Female,dkillgus6r@tuttocitta.it,6383387191,Magsalangi
245,Chrisy,Pinkstone,Male,cpinkstone6s@sphinn.com,3204844077,Sąspów
246,Lois,Appleton,Female,lappleton6t@china.com.cn,3069484498,Pocrí
247,Jenni,Buggy,Female,jbuggy6u@livejournal.com,3507039068,Hamhŭng
248,Marlane,Swanton,Female,mswanton6v@ezinearticles.com,7158923583,Hovorany
249,Meridith,Gres,Female,mgres6w@artisteer.com,3505602878,Jinchuan
250,Nickie,Burgiss,Male,nburgiss6x@dailymail.co.uk,6885422051,Lebak Timur
251,Harrison,Osmond,Male,hosmond6y@artisteer.com,9945576401,Bibirevo
252,Kissiah,Bricksey,Female,kbricksey6z@addthis.com,2279234664,Ipoh
253,Phaidra,Cumbers,Female,pcumbers70@reverbnation.com,1061326571,Krosno
254,Salvador,Hilley,Male,shilley71@slashdot.org,3836517302,Patzicía
255,Rinaldo,Hammatt,Male,rhammatt72@digg.com,2091382516,Deskáti
256,Willy,Gibbeson,Male,wgibbeson73@a8.net,1058163923,Hongor
257,Osmund,Eneas,Male,oeneas74@ucsd.edu,8212720403,Fuji
258,Nana,Feasey,Female,nfeasey75@state.gov,2038478626,Kaligutan
259,Catherin,Antram,Female,cantram76@netlog.com,4894234194,Zürich
260,Benedetta,Kupker,Female,bkupker77@cbslocal.com,7507977427,Kragujevac
261,Terrye,Smiley,Female,tsmiley78@cafepress.com,8085091239,Rambatan
262,Bobbette,Rupp,Female,brupp79@geocities.jp,6591281071,Damaying
263,Keefe,Tierny,Male,ktierny7a@ycombinator.com,5549157893,Cibeusi
264,Sergeant,Abramamov,Male,sabramamov7b@google.cn,9261413726,Marte
265,Alanson,Collings,Male,acollings7c@answers.com,9678934844,Ilha Solteira
266,Bernard,Epsly,Male,bepsly7d@xinhuanet.com,2993014240,At Tall al Kabīr
267,Bellina,Blanking,Female,bblanking7e@imdb.com,2788876112,Dzwola
268,Patsy,Irlam,Female,pirlam7f@wp.com,4722325604,Foumbouni
269,Vin,Vany,Male,vvany7g@fc2.com,3716504593,Al ‘Ashshah
270,Manolo,Cozens,Male,mcozens7h@addtoany.com,8498753747,Timezgana
271,Joel,Bundy,Male,jbundy7i@auda.org.au,8441930838,Cigagade
272,Micky,Renne,Male,mrenne7j@bluehost.com,5087469010,Kavadarci
273,Leon,Errey,Male,lerrey7k@dmoz.org,3118566618,Photharam
274,Edouard,Bessett,Male,ebessett7l@businesswire.com,7629635594,Arvika
275,Ketty,Johannesson,Female,kjohannesson7m@bluehost.com,3334881296,Melaka
276,Dewey,Proswell,Male,dproswell7n@uol.com.br,7171335597,Lancaster
277,Ambros,Fifoot,Male,afifoot7o@ycombinator.com,8335264938,Liyang
278,Alana,Kavanagh,Female,akavanagh7p@xing.com,3602531054,Blois
279,Daniela,Flagg,Female,dflagg7q@edublogs.org,6129442380,Paris La Défense
280,Codi,Danes,Male,cdanes7r@slideshare.net,4962265919,Volzhskiy
281,Starla,Degoey,Female,sdegoey7s@yandex.ru,2814075821,Krajan Satu
282,Jean,Chaudhry,Male,jchaudhry7t@soundcloud.com,8092549682,Duobaoshan
283,Lombard,Andreev,Male,landreev7u@ihg.com,1706660134,Haykashen
284,Alexandros,Mattusevich,Male,amattusevich7v@phpbb.com,9858165460,Pendolo
285,Hayden,Rockliffe,Male,hrockliffe7w@reverbnation.com,2443265491,Berlin
286,Jorge,Peirpoint,Male,jpeirpoint7x@ucoz.ru,6692954335,Serh
287,Tessa,Grzelewski,Female,tgrzelewski7y@jigsy.com,1433442264,Lahuaytambo
288,Alaster,O'Keefe,Male,aokeefe7z@newyorker.com,5667562735,Yongledian
289,Corissa,Forrest,Female,cforrest80@hhs.gov,8407314041,Ngurensiti
290,Elwira,Baitman,Female,ebaitman81@house.gov,2029087345,Makurazaki
291,Andrus,Kellitt,Male,akellitt82@wsj.com,1916502130,Planá
292,Carlo,Di Baudi,Male,cdibaudi83@canalblog.com,5674856645,Paulpietersburg
293,Mildred,Evison,Female,mevison84@uol.com.br,6613528795,San José de Feliciano
294,Farrah,Midner,Female,fmidner85@joomla.org,1217577188,Luoping
295,Dyna,Libermore,Female,dlibermore86@1und1.de,4271001536,Salekhard
296,Welby,O' Ronan,Male,woronan87@independent.co.uk,4076511563,Fuchūchō
297,Susan,Lamerton,Female,slamerton88@virginia.edu,6811059053,Bang Mun Nak
298,Henrie,Clatworthy,Female,hclatworthy89@cnet.com,9517690923,Corona
299,Ronica,Lightoller,Female,rlightoller8a@indiegogo.com,5465502161,Marau
300,Veradis,Edleston,Female,vedleston8b@google.co.uk,3648487516,Krasnaya Polyana
301,Leonidas,Argue,Male,largue8c@europa.eu,2308527243,Sumberngerjat
302,Beau,Dossett,Male,bdossett8d@vkontakte.ru,7356512314,Vacov
303,Ode,Libero,Male,olibero8e@facebook.com,9162319022,Wau
304,Ethe,McComiskey,Male,emccomiskey8f@baidu.com,1691410408,Semamung
305,Tiertza,Hullins,Female,thullins8g@nba.com,8954082827,Thị Trấn Nga Sơn
306,Leonardo,Jeannesson,Male,ljeannesson8h@ustream.tv,7865156989,Semiring
307,Ruttger,Hovee,Male,rhovee8i@google.com,1314367504,Brody
308,Kellina,Basset,Female,kbasset8j@cpanel.net,6044475709,Sanjiazi
309,Bambie,Snowding,Female,bsnowding8k@wp.com,1907059794,Hasan
310,Gustav,Tierny,Male,gtierny8l@sitemeter.com,6259017643,Sīnah
311,Jared,Couzens,Male,jcouzens8m@spiegel.de,6121066210,Pirapora do Bom Jesus
312,Davis,Finnis,Male,dfinnis8n@rediff.com,6588038478,Villa Santa Rita
313,Tedman,Farnham,Male,tfarnham8o@japanpost.jp,9629463814,Saynshand
314,Kerrill,Broe,Female,kbroe8p@wisc.edu,2722584254,Anyu
315,Herve,Dagnall,Male,hdagnall8q@dyndns.org,9112028518,Jinfeng
316,Carolina,Davidof,Female,cdavidof8r@weebly.com,7984344848,Candi
317,Timmi,Carrier,Female,tcarrier8s@netscape.com,5007455487,Stockholm
318,Mike,Landal,Male,mlandal8t@uol.com.br,2962915104,Himaya
319,Anna-maria,Amori,Female,aamori8u@upenn.edu,4576016397,Quebrada de Arena
320,Dar,McNickle,Male,dmcnickle8v@a8.net,5602053217,Mādārīpur
321,Binny,Danser,Female,bdanser8w@hexun.com,6671545593,Thetford-Mines
322,Maure,Habercham,Female,mhabercham8x@seesaa.net,3365440710,Cete
323,Amalia,Pilmer,Female,apilmer8y@hc360.com,5418757476,Qindu
324,Stanley,Simion,Male,ssimion8z@csmonitor.com,3135381758,Tuochuan
325,Rona,Wolstencroft,Female,rwolstencroft90@taobao.com,3484543891,Saskatoon
326,Annice,Tresvina,Female,atresvina91@uol.com.br,9911762115,Villa Castelli
327,Magdalen,Klimpt,Female,mklimpt92@google.co.uk,7376589259,Al Ain
328,Shay,Dimeloe,Female,sdimeloe93@va.gov,1383026681,Morcolla
329,Cassandre,Sinkings,Female,csinkings94@whitehouse.gov,3581292039,Gondang
330,Lorenza,Condon,Female,lcondon95@so-net.ne.jp,5012836041,Shulan
331,Darby,Balentyne,Female,dbalentyne96@thetimes.co.uk,1213239894,Las Palmas
332,Emma,Lang,Female,elang97@google.ru,1003874579,Yabēlo
333,Laurene,Berthon,Female,lberthon98@omniture.com,8584178282,Bistrica ob Sotli
334,Kristopher,Bende,Male,kbende99@sbwire.com,1758411197,Richmond
335,Carlotta,Arboin,Female,carboin9a@biglobe.ne.jp,2996569183,Oesao
336,Klaus,Hawthorne,Male,khawthorne9b@typepad.com,6701426182,Hondo
337,Nobe,Carillo,Male,ncarillo9c@altervista.org,5927619528,Szeged
338,Karita,Calf,Female,kcalf9d@taobao.com,4517643807,Mastung
339,Fawnia,Colliss,Female,fcolliss9e@hhs.gov,9017782619,Mangli
340,Rosanne,Marran,Female,rmarran9f@wired.com,2415330456,Jankovec
341,Danie,Ringrose,Male,dringrose9g@theguardian.com,8929638084,Cinyasag
342,Isaak,Counihan,Male,icounihan9h@statcounter.com,3154414196,Vratsa
343,Alf,Paskerful,Male,apaskerful9i@latimes.com,3676008412,Kengyuan
344,Adriena,Glandon,Female,aglandon9j@arizona.edu,7749017450,Yylanly
345,Udell,Ithell,Male,uithell9k@economist.com,1539620105,El Tambo
346,Desi,Comford,Male,dcomford9l@reuters.com,5998822030,Dalonghua
347,Gabie,Casazza,Female,gcasazza9m@mapquest.com,2811129194,Bantaeng
348,Kathrine,Ottley,Female,kottley9n@spotify.com,6777539607,Saint Catherine
349,Ingram,Gilmour,Male,igilmour9o@scribd.com,5195046940,Sovetskaya
350,Igor,Blackbourn,Male,iblackbourn9p@last.fm,6814302785,Noebesa
351,Mace,Verma,Male,mverma9q@ow.ly,6336749034,Luksuhin
352,Faina,Mantione,Female,fmantione9r@nymag.com,8046342745,Benghazi
353,Fionna,Giblin,Female,fgiblin9s@geocities.com,3079378615,Lang Suan
354,Geralda,Wooding,Female,gwooding9t@tamu.edu,7044361919,Rongxi
355,Holmes,Sentance,Male,hsentance9u@patch.com,2017279064,Salvador
356,Pierce,Pomfrett,Male,ppomfrett9v@t-online.de,9915241225,Hlyboka
357,Raffaello,Beamont,Male,rbeamont9w@ucla.edu,9221596005,Sukamulya
358,Ogdan,Aitchison,Male,oaitchison9x@ibm.com,3002421278,Ruma
359,Charita,Royans,Female,croyans9y@xrea.com,3014806007,Xifengshan
360,Marice,Durward,Female,mdurward9z@seesaa.net,8501262150,Xintian
361,Herculie,Hewson,Male,hhewsona0@skype.com,3542969963,Tengjia
362,Temp,Bickmore,Male,tbickmorea1@vkontakte.ru,3095937578,Pak Phayun
363,Robin,Stebles,Male,rsteblesa2@github.com,8421134215,Caen
364,Giusto,Culp,Male,gculpa3@sitemeter.com,1052238175,Jutiapa
365,Zollie,Pendry,Male,zpendrya4@wikia.com,5706921611,Nariño
366,Ingaborg,Adkin,Female,iadkina5@utexas.edu,4209007626,Georgetown
367,Dewie,Shuker,Male,dshukera6@bbb.org,8882452937,Höshigiyn-Ar
368,Hazel,Burkett,Female,hburketta7@ox.ac.uk,7614974534,Hats’avan
369,Melita,Hardacre,Female,mhardacrea8@multiply.com,7779048708,Bethlehem
370,Ermanno,Shimuk,Male,eshimuka9@unesco.org,1617153388,Buracan
371,Rakel,Smallthwaite,Female,rsmallthwaiteaa@360.cn,8855855313,Pan-an
372,Durward,Jankovic,Male,djankovicab@amazonaws.com,4837376956,Ban Mai
373,Barnabe,Going,Male,bgoingac@ameblo.jp,3563267881,Gangmei
374,Kelbee,Blaver,Male,kblaverad@bloglovin.com,6988175889,Dhalie
375,Sullivan,Gray,Male,sgrayae@stumbleupon.com,8852662854,Sigayevo
376,Stuart,Baugh,Male,sbaughaf@yellowpages.com,6505172134,La Concepción
377,Tristan,Bonnell,Male,tbonnellag@hao123.com,1743293984,Nansha
378,Belinda,Eastridge,Female,beastridgeah@epa.gov,7585397101,Trindade
379,Evelina,Muriel,Female,emurielai@geocities.com,2325751481,Sainte-Sophie
380,Kathe,Spenclay,Female,kspenclayaj@squarespace.com,8106901243,Den Haag
381,Dita,Domleo,Female,ddomleoak@yellowpages.com,8079610594,Huaitu
382,Angelika,Bachshell,Female,abachshellal@opensource.org,2445398141,Huangtudian
383,Tamiko,Kadwallider,Female,tkadwallideram@jigsy.com,3446639345,Sukapura
384,Read,Greest,Male,rgreestan@jugem.jp,2375539151,Bayanhoshuu
385,Norma,Bilston,Female,nbilstonao@bing.com,8059423736,Huangnihe
386,Hilton,Cordero,Male,hcorderoap@reference.com,1176036635,Mishixiang
387,Christye,Cunnah,Female,ccunnahaq@istockphoto.com,1694367153,Pingle
388,Justinian,Feldharker,Male,jfeldharkerar@ucla.edu,8741988005,Tây Hồ
389,Rainer,Jans,Male,rjansas@google.pl,9931197374,Rat Burana
390,Mattias,Farny,Male,mfarnyat@theglobeandmail.com,3905844758,Caruaru
391,Farra,Treasure,Female,ftreasureau@spotify.com,7386693450,Chenjiahe
392,Charmaine,Leifer,Female,cleiferav@mapy.cz,6698922703,Jujur
393,Lorry,Muggleton,Female,lmuggletonaw@reuters.com,3887396193,Bonriki Village
394,Debbi,Gary,Female,dgaryax@statcounter.com,9283825938,Jiukou
395,Vanda,Loggie,Female,vloggieay@myspace.com,7984041172,Wutan
396,Salli,Steynor,Female,ssteynoraz@samsung.com,9078941849,Qinglin
397,Clevie,Twinberrow,Male,ctwinberrowb0@wp.com,7451867139,Nowogard
398,Sig,Crabb,Male,scrabbb1@squidoo.com,8979966619,Taihua
399,Clovis,Linfoot,Female,clinfootb2@ebay.co.uk,6108043853,Brusartsi
400,Nellie,Halms,Female,nhalmsb3@e-recht24.de,3358694304,Лабуништа
401,Sybilla,Facchini,Female,sfacchinib4@etsy.com,3443925155,Sena
402,Halsy,Burdytt,Male,hburdyttb5@delicious.com,6226434982,Niandou
403,Rutherford,Pennigar,Male,rpennigarb6@topsy.com,5684725191,Tandaltī
404,Madalena,Licas,Female,mlicasb7@ted.com,2245614297,Yongning
405,Chelsy,Lathee,Female,clatheeb8@merriam-webster.com,5385692239,Châlons-en-Champagne
406,Zorina,Mahony,Female,zmahonyb9@barnesandnoble.com,1851904552,Tukbur
407,Pamella,O'Fallone,Female,pofalloneba@a8.net,1653715820,Wonosari
408,Jacques,Croad,Male,jcroadbb@va.gov,4464487127,Grebenskaya
409,Peirce,Mahody,Male,pmahodybc@myspace.com,8203356753,Los Andes
410,Fred,Moors,Female,fmoorsbd@cloudflare.com,7751762363,Sladna
411,Giffie,Tancock,Male,gtancockbe@mac.com,9618868307,Haugesund
412,Federica,Whisker,Female,fwhiskerbf@yandex.ru,5853092867,Lower Hutt
413,Lorry,Resdale,Male,lresdalebg@histats.com,8743170919,Kambar
414,Maurita,Jobes,Female,mjobesbh@soup.io,1074589285,Mariposa
415,Melissa,Bloxam,Female,mbloxambi@dailymotion.com,5704913605,Lakkha Nëvre
416,Gustavus,Bruckshaw,Male,gbruckshawbj@thetimes.co.uk,7331028747,Uyovu
417,Ag,Pantry,Female,apantrybk@cpanel.net,7365236210,Fairview
418,Ronalda,Heibl,Female,rheiblbl@desdev.cn,6741287674,Kasserine
419,Deck,Teissier,Male,dteissierbm@ucoz.ru,5211003844,Beijie
420,Zorana,Emerine,Female,zemerinebn@cornell.edu,9575120309,Sangoleng
421,Neel,Bennet,Male,nbennetbo@omniture.com,3817886273,Paihia
422,Waldemar,Kopke,Male,wkopkebp@wikispaces.com,6246731515,Panjiawan
423,Liuka,Emblow,Female,lemblowbq@privacy.gov.au,6706078034,Eastern Suburbs Mc
424,Demeter,Garahan,Female,dgarahanbr@umich.edu,2399830379,Kerċem
425,Si,Olivetti,Male,solivettibs@biblegateway.com,9712284522,Itami
426,June,Levecque,Female,jlevecquebt@unesco.org,5732213991,Nila Dua
427,Bord,Slisby,Male,bslisbybu@goo.ne.jp,5812562342,Xiabeisi
428,Emmerich,Sans,Male,esansbv@epa.gov,9651743188,Psevdás
429,Valaria,Myerscough,Female,vmyerscoughbw@hao123.com,6311361086,Hualfín
430,Melanie,Wilcockes,Female,mwilcockesbx@a8.net,6584155104,Kunri
431,Dorris,Tregonna,Female,dtregonnaby@nymag.com,6204014368,Sierpc
432,Herbert,Easseby,Male,heassebybz@google.com.au,8284122709,Hawassa
433,Reece,Spurrett,Male,rspurrettc0@gnu.org,8557425737,Yangzhou
434,Spenser,Springham,Male,sspringhamc1@stanford.edu,7883304587,Västra Frölunda
435,Mara,Hastelow,Female,mhastelowc2@last.fm,4998094840,Parigi
436,Herby,Denisovich,Male,hdenisovichc3@archive.org,4866989663,Banakaja
437,Thornie,Unsworth,Male,tunsworthc4@printfriendly.com,3799499156,Uberlândia
438,Skyler,Starsmore,Male,sstarsmorec5@oakley.com,5158677772,Cournon-d'Auvergne
439,Cyndia,Cozby,Female,ccozbyc6@a8.net,9211555634,Ambarakaraka
440,Lucine,Clissell,Female,lclissellc7@seesaa.net,2625433050,Bouna
441,Free,Dradey,Male,fdradeyc8@slate.com,6459318736,Fenshui
442,Payton,Gockeler,Male,pgockelerc9@yale.edu,2344292821,Agboville
443,Lorene,Rummer,Female,lrummerca@about.me,1995302279,Taodian
444,Elena,Thornhill,Female,ethornhillcb@fc2.com,8234317798,Gokwe
445,Aguistin,Charter,Male,achartercc@prlog.org,9523591490,Padangtepung
446,Cesar,Tremmel,Male,ctremmelcd@google.pl,3854442090,Marihatag
447,Trish,Haggith,Female,thaggithce@redcross.org,6912694289,Cabaritan East
448,Moira,Tussaine,Female,mtussainecf@moonfruit.com,7705163865,Bima
449,Ryun,Gregorowicz,Male,rgregorowiczcg@angelfire.com,1976849239,Krajan
450,Winny,Treslove,Female,wtreslovech@mozilla.com,3762082668,Launceston
451,Breena,Renfree,Female,brenfreeci@nytimes.com,5026917851,Louisville
452,Moria,Harriagn,Female,mharriagncj@php.net,9343608304,Santa Cruz
453,Cirilo,Westwick,Male,cwestwickck@china.com.cn,8984757093,Tamamura
454,Auroora,Durbin,Female,adurbincl@amazon.co.uk,9033337967,Barra dos Coqueiros
455,Amata,Banisch,Female,abanischcm@netvibes.com,8344676869,Cuamba
456,Lotti,Shaxby,Female,lshaxbycn@amazonaws.com,9801617367,Yuanbao
457,Rollie,Traynor,Male,rtraynorco@meetup.com,3037039566,Nicoya
458,Durand,Gutch,Male,dgutchcp@rediff.com,2102263113,Burgkirchen
459,Perry,Haill,Male,phaillcq@mozilla.com,9099133587,Bojadła
460,Carmine,Rubica,Female,crubicacr@uiuc.edu,3531564647,Cotabato
461,Neall,Moran,Male,nmorancs@bloglines.com,2253550899,Kimch’aek-si
462,Blondelle,Cattermole,Female,bcattermolect@weather.com,2311612110,Margasari
463,Michaella,Lomansey,Female,mlomanseycu@123-reg.co.uk,2609481749,Rennes
464,Benedetto,Cameron,Male,bcameroncv@jimdo.com,7789796646,Miraflores
465,Luce,Bladder,Male,lbladdercw@va.gov,2172998303,Yangdang
466,Hailey,Garnul,Male,hgarnulcx@sakura.ne.jp,7249764186,Bentiu
467,Edee,Vanshin,Female,evanshincy@marketwatch.com,6084803300,Tangzha
468,Moll,Skipworth,Female,mskipworthcz@nbcnews.com,9949566600,Hohoe
469,Golda,Enefer,Female,geneferd0@people.com.cn,5894736951,Bondy
470,Butch,Kapiloff,Male,bkapiloffd1@bbb.org,2388170589,Huineno
471,Niko,Guiden,Male,nguidend2@google.nl,3026708424,Canchayllo
472,Albertina,Danilov,Female,adanilovd3@networksolutions.com,7088423736,Jinshan
473,Jourdain,Springell,Male,jspringelld4@blinklist.com,8168909663,Lypova Dolyna
474,Anderson,Poxon,Male,apoxond5@gnu.org,4336403822,Tanuma
475,Tallulah,Siward,Female,tsiwardd6@soup.io,8531171000,Xinzhai
476,Serene,Moisey,Female,smoiseyd7@mozilla.com,3513404674,Lobanovo
477,Hortense,Crucitti,Female,hcrucittid8@mit.edu,6793383287,Petukhovo
478,Florentia,Given,Female,fgivend9@nydailynews.com,5707556518,Cortinhas
479,Lanie,Detoc,Female,ldetocda@clickbank.net,4208337772,Palaiomonástiron
480,Amos,Cursey,Male,acurseydb@earthlink.net,7558900225,San-Pédro
481,Caritta,Frayne,Female,cfraynedc@senate.gov,4758384096,Tawau
482,Roby,McCathie,Female,rmccathiedd@wp.com,7863380179,Clearwater
483,Ewen,Manlow,Male,emanlowde@cam.ac.uk,7126422162,Lajeado
484,Mickie,Ditt,Female,mdittdf@netscape.com,1424479538,Sipocot
485,Kirbee,Gillean,Female,kgilleandg@rediff.com,4732147858,Kaizuka
486,Bron,Sealeaf,Male,bsealeafdh@youtu.be,4232001575,Vratsa
487,Gill,Bosley,Male,gbosleydi@wikipedia.org,3369112132,Mamer
488,Erwin,Jaher,Male,ejaherdj@mapy.cz,2787550105,Sempu
489,Cissiee,Inchcomb,Female,cinchcombdk@usda.gov,8951136835,Songshi
490,Tiertza,Jedrych,Female,tjedrychdl@free.fr,1906091525,Dubreuil
491,Arvy,Napper,Male,anapperdm@fc2.com,9802130979,Punta de Piedra
492,Caye,Albrooke,Female,calbrookedn@csmonitor.com,3603282754,Olympia
493,Karlik,Nordass,Male,knordassdo@odnoklassniki.ru,8218750577,Tietê
494,Wilhelm,Sharram,Male,wsharramdp@ocn.ne.jp,2557205026,Lolodorf
495,Waly,Croston,Female,wcrostondq@twitter.com,3521019778,Winong
496,Ashla,Husbands,Female,ahusbandsdr@taobao.com,3061051396,Donghai
497,Lynnette,Casbourne,Female,lcasbourneds@mtv.com,4378773365,Gribanovskiy
498,Victoria,Ickowics,Female,vickowicsdt@slate.com,9414808657,Le Port
499,Troy,Boule,Male,tbouledu@state.tx.us,7047851185,Charlotte
500,Nariko,Cobain,Female,ncobaindv@ucoz.ru,8645509887,Batulawang
501,Thor,Partner,Male,tpartnerdw@arstechnica.com,2308440783,Dumlan
502,Del,Lente,Male,dlentedx@icq.com,5887942811,General Galarza
503,Felice,Sterry,Male,fsterrydy@elpais.com,9738928563,Jūrat ash Sham‘ah
504,Nikolaus,de Amaya,Male,ndeamayadz@state.gov,3669493687,Juvisy-sur-Orge
505,Ofelia,Laurenzi,Female,olaurenzie0@yelp.com,6321372697,San Vicente
506,Piper,Iveans,Female,piveanse1@google.co.jp,8547168262,Desē
507,Nevil,Michieli,Male,nmichielie2@mayoclinic.com,7607788559,Pryyutivka
508,Kurt,O'Harney,Male,koharneye3@dmoz.org,3119181454,Ta`ū
509,Grover,Jados,Male,gjadose4@nature.com,3939762780,Ratenggoji
510,Ethyl,Hardistry,Female,ehardistrye5@forbes.com,9249862525,Santa Marta de Penaguião
511,Kerr,Alderson,Male,kaldersone6@hugedomains.com,6146748978,Dawung
512,Inigo,Ranby,Male,iranbye7@tripod.com,2594215893,Yongfeng
513,Barbee,Kynder,Female,bkyndere8@deliciousdays.com,6609261592,Martil
514,Putnem,Pessolt,Male,ppessolte9@123-reg.co.uk,7528295166,Nanhe
515,Morganne,Quan,Female,mquanea@marriott.com,3227051261,Foumbouni
516,Corrinne,Brammar,Female,cbrammareb@sciencedirect.com,2999014560,Shilovo
517,Jo-anne,Anyene,Female,janyeneec@digg.com,7895712997,Dhī Nā‘im
518,Cristine,MacTrustram,Female,cmactrustramed@yelp.com,8111841181,Zhenxing
519,Jaine,Kildahl,Female,jkildahlee@trellian.com,8422788496,Jinxiang
520,Garreth,Visick,Male,gvisickef@statcounter.com,9088982377,Uherský Ostroh
521,Jaimie,Worswick,Male,jworswickeg@zimbio.com,2162613862,Sundsvall
522,Tito,Piffe,Male,tpiffeeh@microsoft.com,3393992305,Wanzu
523,Corny,Killik,Male,ckillikei@mediafire.com,1849818763,Tsurugi-asahimachi
524,Walden,Rawcliffe,Male,wrawcliffeej@cmu.edu,2574549311,Tarnowiec
525,Gustavo,McDavid,Male,gmcdavidek@cdbaby.com,3175559328,Gaoping
526,Chev,Harverson,Male,charversonel@smh.com.au,3114441373,Cihe
527,Peta,Proback,Female,pprobackem@desdev.cn,3999100717,Tawaramoto
528,Randa,Lytell,Female,rlytellen@chron.com,9807585705,Jinhai
529,Vaughn,Edgell,Male,vedgelleo@forbes.com,6621867954,Paris 03
530,Dela,Cokely,Female,dcokelyep@lycos.com,6977938749,An Nāşirah
531,Tyne,MacEntee,Female,tmacenteeeq@github.io,4453508708,Le Kremlin-Bicêtre
532,Shay,Ashley,Male,sashleyer@cbslocal.com,7264948275,Baojia
533,Haywood,Lanfare,Male,hlanfarees@smugmug.com,8874756107,Nizhnepavlovka
534,Bary,Thody,Male,bthodyet@netlog.com,5277513312,Biaoxi
535,Cos,Murcott,Male,cmurcotteu@pbs.org,4664325296,Herzliya Pituah
536,Sibyl,Vasse,Male,svasseev@geocities.jp,8002786465,Boussé
537,Genvieve,Clines,Female,gclinesew@psu.edu,9591099119,Yanagawamachi-saiwaichō
538,Sharia,Coche,Female,scocheex@facebook.com,7781241873,Ketapang
539,Renae,Loudiane,Female,rloudianeey@t.co,4721341246,"Palmas De Gran Canaria, Las"
540,Blayne,Simmonett,Male,bsimmonettez@unicef.org,7132471568,Saint-Quentin-en-Yvelines
541,Shannah,Redbourn,Female,sredbournf0@rediff.com,9275508519,Sviadnov
542,Arleyne,Thrush,Female,athrushf1@marketwatch.com,3906659333,Aoluguya Ewenke Minzu
543,Bancroft,Lages,Male,blagesf2@cnet.com,2366015455,Saint Petersburg
544,Quent,Plessing,Male,qplessingf3@engadget.com,6274103130,Níkaia
545,Gilly,Dunham,Female,gdunhamf4@addthis.com,2991403965,Wleń
546,Ransom,McCourtie,Male,rmccourtief5@marriott.com,9742820963,Ljutomer
547,Ange,De Lorenzo,Male,adelorenzof6@nba.com,4156986030,Moshenskoye
548,Ede,Toop,Female,etoopf7@ask.com,6511397958,Kajansi
549,Hersch,Colhoun,Male,hcolhounf8@prweb.com,7525308647,Funehikimachi-funehiki
550,Peyter,Houseago,Male,phouseagof9@ameblo.jp,6295076268,Maddarulug Norte
551,Kaela,Waszczyk,Female,kwaszczykfa@pagesperso-orange.fr,5966659750,Khotynets
552,Ulrika,MacAlpine,Female,umacalpinefb@pbs.org,3194236047,Kot Sultan
553,Elisha,Holtaway,Female,eholtawayfc@skype.com,4102541829,Macau
554,Brandon,Alfonzo,Male,balfonzofd@symantec.com,5155413179,Des Moines
555,Lindon,Jentin,Male,ljentinfe@wordpress.org,2627275194,Xingyuan
556,Laural,Sandiford,Female,lsandifordff@technorati.com,5729960630,Banovo Polje
557,Alta,Cheves,Female,achevesfg@a8.net,8629233444,Parizh
558,Theobald,Duly,Male,tdulyfh@csmonitor.com,3556615225,Zolotonosha
559,Chaddy,Birkin,Male,cbirkinfi@reverbnation.com,3306450714,Gudang
560,Reginald,Earnshaw,Male,rearnshawfj@ameblo.jp,3113256353,Novoul’yanovsk
561,Lyman,Whitham,Male,lwhithamfk@ibm.com,4187403031,Batutulis
562,Jacquelin,Brane,Female,jbranefl@umich.edu,6644757008,Valtimo
563,Rozalin,Whimper,Female,rwhimperfm@shutterfly.com,9817415648,Pengdian
564,Bondie,Beeze,Male,bbeezefn@networksolutions.com,9336120069,Cibebek
565,Vite,Sleney,Male,vsleneyfo@sbwire.com,2314390689,Albuera
566,Cal,Silcock,Male,csilcockfp@tinyurl.com,7571942870,Hualong
567,Sisely,Michell,Female,smichellfq@google.ru,4433969569,Parakanhonje Wetan
568,Curcio,Kirckman,Male,ckirckmanfr@dyndns.org,9862232450,Khorugh
569,Prentiss,Larkworthy,Male,plarkworthyfs@homestead.com,8648404313,Spartanburg
570,Judas,Barefoot,Male,jbarefootft@deviantart.com,7481046512,Alicante/Alacant
571,Perice,Humpherson,Male,phumphersonfu@theguardian.com,4663646733,Zambujeira
572,Dorrie,Luetchford,Female,dluetchfordfv@icq.com,4953147709,Stockholm
573,Karry,Grishukhin,Female,kgrishukhinfw@home.pl,8745386924,Nanhai
574,Hewitt,Wyld,Male,hwyldfx@foxnews.com,2518755346,Dongping
575,Jocelin,McComiskey,Female,jmccomiskeyfy@infoseek.co.jp,8879828380,Quime
576,Kessiah,Ianitti,Female,kianittifz@imdb.com,8324799906,Krasnyy Yar
577,Allayne,Brussell,Male,abrussellg0@slashdot.org,9725260843,Dallas
578,Robyn,Brumpton,Female,rbrumptong1@columbia.edu,8375509745,Nobinobi
579,Israel,Fincham,Male,ifinchamg2@reddit.com,7935356728,Ugac Sur
580,Nicoli,Murrhardt,Female,nmurrhardtg3@so-net.ne.jp,9619979158,Surenavan
581,Pancho,Cristofor,Male,pcristoforg4@tripod.com,5095519139,Zaña
582,Agnesse,Wesson,Female,awessong5@nhs.uk,5163885132,Cocabamba
583,Ancell,Glazier,Male,aglazierg6@ed.gov,5141158203,Trois-Rivières
584,Sherm,Brammall,Male,sbrammallg7@merriam-webster.com,8617341618,Cogtong
585,Judah,Vernham,Male,jvernhamg8@xinhuanet.com,5753663702,Shibirghān
586,Verna,Goede,Female,vgoedeg9@parallels.com,8044751915,Luzhuangzi
587,Dawna,Aldwinckle,Female,daldwincklega@pagesperso-orange.fr,6658255270,Waingapu
588,Patrizio,Eglese,Male,peglesegb@moonfruit.com,9393329642,Beringovskiy
589,Chucho,Reditt,Male,credittgc@rakuten.co.jp,8652769700,Mircze
590,Clair,Sharpe,Male,csharpegd@google.pl,3368677203,Tangtou
591,Giorgi,Gozard,Male,ggozardge@pagesperso-orange.fr,9357571180,Nova Prata
592,Mel,Gallimore,Male,mgallimoregf@dell.com,1365124036,Montería
593,Dante,Spight,Male,dspightgg@sun.com,4786696112,Khartsyz’k
594,Annabelle,Casillas,Female,acasillasgh@msn.com,9431870464,Temanjang
595,Kathlin,Anthoine,Female,kanthoinegi@deliciousdays.com,7883742708,Luodian
596,Remus,Ponting,Male,rpontinggj@ucsd.edu,6601171117,Gulai
597,April,Collie,Female,acolliegk@whitehouse.gov,5948297148,Primero de Mayo
598,Patric,Eland,Male,pelandgl@canalblog.com,3695516712,Ebu
599,Beck,Jakoubek,Male,bjakoubekgm@about.me,3472237581,Bimbo
600,Roderic,Ledgister,Male,rledgistergn@shinystat.com,3852885162,Perené
601,Rolph,Ordelt,Male,rordeltgo@yahoo.co.jp,9861682250,Twardogóra
602,Rozalin,Boys,Female,rboysgp@google.fr,4158738150,Shanga
603,Elton,Hubbins,Male,ehubbinsgq@salon.com,6804644174,Changxingbao
604,Delilah,Stilliard,Female,dstilliardgr@weebly.com,1625983553,Koźle
605,Valli,Nowakowska,Female,vnowakowskags@accuweather.com,3861769121,Saravia
606,Kathrine,Lahy,Female,klahygt@archive.org,9565338309,Temuji
607,Rachel,Chieze,Female,rchiezegu@bloglines.com,7627794432,Połomia
608,Delmer,Stickley,Male,dstickleygv@bloomberg.com,5735497420,Alzamay
609,Haven,Wakeley,Male,hwakeleygw@gmpg.org,2939950809,Haibeitou
610,Marga,Cheetham,Female,mcheethamgx@businesswire.com,8793374938,Phultala
611,Nigel,Buxy,Male,nbuxygy@soundcloud.com,7431733912,Sayyān
612,Mallory,Plan,Male,mplangz@jiathis.com,7813736298,Woodstock
613,Nanni,Pady,Female,npadyh0@phpbb.com,4561040122,Taphan Hin
614,Natal,Genner,Male,ngennerh1@globo.com,8435238797,Nine
615,Deina,Fenner,Female,dfennerh2@csmonitor.com,1825234742,Jiuxian
616,Ingar,Kettoe,Male,ikettoeh3@prweb.com,7542115291,Xincun
617,Homerus,Dametti,Male,hdamettih4@acquirethisname.com,6828400915,Yujiao
618,Kirbee,Choppin,Female,kchoppinh5@bbc.co.uk,7607697182,Rajhrad
619,Mag,Preddle,Female,mpreddleh6@ow.ly,1269556065,Shijiazhuang
620,Garfield,Hamshar,Male,ghamsharh7@auda.org.au,7139700833,Jinxiang
621,Georgiana,Hellard,Female,ghellardh8@forbes.com,7199069084,Tabouda
622,Lyn,Poetz,Male,lpoetzh9@networkadvertising.org,1913222006,Znamenskoye
623,Ernst,Petrushka,Male,epetrushkaha@discuz.net,3687632407,Yên Lập
624,Maudie,Scarlet,Female,mscarlethb@unblog.fr,5749489778,Loket
625,Sybil,Yersin,Female,syersinhc@omniture.com,5199542167,Taichung
626,Lilia,Denford,Female,ldenfordhd@about.me,1469531158,Opol
627,Lucais,Haseman,Male,lhasemanhe@i2i.jp,9847514638,Sydney
628,Jessy,Bootton,Female,jboottonhf@cisco.com,4811555321,Melíti
629,Donny,Beecraft,Female,dbeecrafthg@tamu.edu,5293603626,Hongcao
630,Humphrey,Rubens,Male,hrubenshh@photobucket.com,4293971556,Gayam
631,Thorpe,Kersting,Male,tkerstinghi@blogger.com,3514825169,Kalnibolotskaya
632,Ainslie,Kidman,Female,akidmanhj@indiatimes.com,2386445429,Wuquan
633,Ermin,Monkley,Male,emonkleyhk@last.fm,9661610903,Šilheřovice
634,Renaldo,Rastrick,Male,rrastrickhl@independent.co.uk,4299781134,Santol
635,Margaux,Bullcock,Female,mbullcockhm@gov.uk,1796450526,Bourg-lès-Valence
636,Jacki,Flaws,Female,jflawshn@yahoo.co.jp,7151775884,Vizal San Pablo
637,Denis,Bentjens,Male,dbentjensho@desdev.cn,6381069542,Inkerman
638,Eleanor,Valencia,Female,evalenciahp@istockphoto.com,7879746676,Si Racha
639,Elly,Posthill,Female,eposthillhq@baidu.com,2376819675,Mae Ramat
640,Ethelyn,Saltern,Female,esalternhr@mlb.com,9816284384,Aurora
641,Nikos,Dowsing,Male,ndowsinghs@oracle.com,7758626478,Färgelanda
642,Lona,Fantonetti,Female,lfantonettiht@ovh.net,6636921458,Frolovo
643,Amandi,Rolstone,Female,arolstonehu@unesco.org,2023070794,Niagara Falls
644,Nancie,Kubista,Female,nkubistahv@twitpic.com,8523739478,Jasionów
645,Bob,Slane,Male,bslanehw@mit.edu,2832846612,Doctor Juan León Mallorquín
646,Harp,MacHarg,Male,hmacharghx@woothemes.com,5551546620,Vasyshcheve
647,Staci,Shane,Female,sshanehy@boston.com,7247638688,Kasamwa
648,Lewiss,Trineman,Male,ltrinemanhz@blogspot.com,3816200997,Jiulongshan
649,Almeria,Spearing,Female,aspearingi0@weibo.com,3952689740,Lyon
650,Nickola,Shyram,Male,nshyrami1@tripod.com,9756237862,Buyant
651,Michell,Bett,Female,mbetti2@deviantart.com,8032193477,Santiago
652,Zena,Kilgannon,Female,zkilgannoni3@indiatimes.com,1335055273,Leifeng
653,Blondell,Ison,Female,bisoni4@cdc.gov,5751694217,Messina
654,Karel,Cyples,Male,kcyplesi5@addthis.com,6967823625,Batan
655,Shay,Tander,Female,standeri6@whitehouse.gov,5735673720,Shunyi
656,Klara,Challener,Female,kchalleneri7@springer.com,3297890141,Ciudian
657,Caz,Stein,Male,csteini8@discovery.com,5112075378,Lingbei
658,Siusan,Emslie,Female,semsliei9@soundcloud.com,5877158844,Gelan
659,Vlad,Klageman,Male,vklagemania@loc.gov,6868007924,Nantes
660,Jae,Ruoss,Male,jruossib@unblog.fr,2141248091,Les Cèdres
661,Tan,Gever,Male,tgeveric@dot.gov,4321371027,Beizhuang
662,Pepillo,Mishow,Male,pmishowid@mayoclinic.com,5073516919,Pereira
663,Martica,Moohan,Female,mmoohanie@cnn.com,8478462449,Tangjiapo
664,Harmony,Cathrae,Female,hcathraeif@java.com,6545385905,Caijiagang
665,Jillie,Pauncefort,Female,jpauncefortig@sogou.com,9266948867,Trat
666,Aleda,Hamflett,Female,ahamflettih@hubpages.com,6486544215,Ravānsar
667,Rivalee,Barbie,Female,rbarbieii@vistaprint.com,9193251972,Yinjiang
668,Cole,Fraanchyonok,Male,cfraanchyonokij@senate.gov,9083550755,Laval
669,Clerissa,Gamett,Female,cgamettik@acquirethisname.com,5922629251,Chaiyaphum
670,Idalia,Brecknock,Female,ibrecknockil@china.com.cn,4879002282,Quitilipi
671,Tammy,Lampen,Male,tlampenim@lulu.com,2228019612,Gugark’
672,Bucky,Daldan,Male,bdaldanin@adobe.com,2338844531,Igarapé
673,Rhianon,Rodolico,Female,rrodolicoio@msu.edu,5246720692,Kanada
674,Brewer,Giacubo,Male,bgiacuboip@bloglovin.com,7337700276,Uyugan
675,Radcliffe,Marchington,Male,rmarchingtoniq@bloomberg.com,9703592865,Al Khāniq
676,Valene,Lorain,Female,vlorainir@w3.org,3912225792,Kafr Miṣr
677,Mirabelle,Cruickshank,Female,mcruickshankis@mlb.com,9229768721,Shijiao
678,Abramo,Barts,Male,abartsit@wikipedia.org,3889078262,Le Pontet
679,Sharleen,Lowless,Female,slowlessiu@bing.com,2862744308,Damiao
680,Halley,Skillitt,Female,hskillittiv@home.pl,3039071659,Puerto Maldonado
681,Aidan,Chasmor,Female,achasmoriw@360.cn,8189692850,Wadi Kidul
682,Tan,Bruyet,Male,tbruyetix@plala.or.jp,6301852501,Naperville
683,Moyra,Caberas,Female,mcaberasiy@tinypic.com,7818418666,Všenory
684,Cleopatra,Simco,Female,csimcoiz@deliciousdays.com,6226624199,Hekou
685,Marcella,Morton,Female,mmortonj0@bbc.co.uk,2188707245,Sambong
686,Reynard,Kimmins,Male,rkimminsj1@ox.ac.uk,9686154240,Daqian
687,Luther,Winter,Male,lwinterj2@bbb.org,7778900103,Wudil
688,Feodor,Anster,Male,fansterj3@theatlantic.com,3257812660,Gaocang
689,Joseph,Fielder,Male,jfielderj4@guardian.co.uk,2496301813,Comandante Luis Piedra Buena
690,Blancha,Volett,Female,bvolettj5@freewebs.com,7733330423,Mendoza
691,Naomi,Derdes,Female,nderdesj6@imdb.com,3535170090,Conceição da Abóboda
692,Aundrea,Rucklesse,Female,arucklessej7@yellowbook.com,4687014449,Sardoal
693,Jermaine,Danzelman,Male,jdanzelmanj8@addthis.com,4018582241,Steinkjer
694,Mikol,Rawnsley,Male,mrawnsleyj9@sogou.com,3105853230,Luhansk
695,Alyse,Rymill,Female,arymillja@constantcontact.com,2167835792,Calvos
696,Enos,Andriulis,Male,eandriulisjb@about.com,1732424338,Qiandong
697,Alfreda,Maddock,Female,amaddockjc@baidu.com,3963489283,Sumberjati
698,Nevins,Buttner,Male,nbuttnerjd@t-online.de,5147625423,Guanli
699,Giffard,Dyment,Male,gdymentje@google.co.jp,5264959700,Guhuai
700,Laverne,Tiplady,Female,ltipladyjf@bloglovin.com,4372969423,Bachaquero
701,Carmelina,Pilley,Female,cpilleyjg@adobe.com,6159638311,Gurupi
702,Sherm,Courtonne,Male,scourtonnejh@seattletimes.com,2967352430,Mizhirah
703,Kathlin,Couttes,Female,kcouttesji@hostgator.com,8775352685,Orsk
704,Jesselyn,Headly,Female,jheadlyjj@com.com,3339123318,Kota Bharu
705,Madelaine,Lehrer,Female,mlehrerjk@woothemes.com,2796040846,Quetta
706,Arlen,Billitteri,Male,abillitterijl@senate.gov,7715105036,Marseille
707,Bryana,Ledbetter,Female,bledbetterjm@arstechnica.com,7542854421,Tuatuka
708,Armin,Newiss,Male,anewissjn@de.vu,3122795307,Daluo
709,Claire,Benzies,Male,cbenziesjo@xing.com,5669058658,Rey
710,Joelie,Willarton,Female,jwillartonjp@istockphoto.com,6394848759,Linpu
711,Jermaine,Causey,Female,jcauseyjq@squarespace.com,6043263967,Três Passos
712,Burg,Gorrie,Male,bgorriejr@feedburner.com,8053718091,Wolanów
713,Owen,McQuirk,Male,omcquirkjs@salon.com,8781756197,Tanūmah
714,Candra,Eltone,Female,celtonejt@ca.gov,7201708413,Beolgyo
715,Vaughn,Denerley,Male,vdenerleyju@mysql.com,5667297037,La Loma
716,Otha,Robertucci,Female,orobertuccijv@seattletimes.com,3707124616,Sarrebourg
717,Darby,Boshell,Female,dboshelljw@ucla.edu,1151213312,Oslo
718,Garret,Reasce,Male,greascejx@utexas.edu,2384434352,Bang Sao Thong
719,Teddi,Filchagin,Female,tfilchaginjy@weebly.com,6392278668,Bardaï
720,Grethel,Ruckledge,Female,gruckledgejz@php.net,1538346993,Neiva
721,Gwenneth,Stoves,Female,gstovesk0@paginegialle.it,7228922261,Brejoeira
722,Yves,Greaterex,Male,ygreaterexk1@ebay.co.uk,6528801237,Zhukovskiy
723,Fanchon,MacInnes,Female,fmacinnesk2@noaa.gov,7642411135,Muting
724,Ardyce,Kinworthy,Female,akinworthyk3@google.ru,4364802855,Melissochóri
725,Alisander,MacKniely,Male,amacknielyk4@webeden.co.uk,2012778324,Chahe
726,Bevon,Lawranson,Male,blawransonk5@hud.gov,9271082321,Furudate
727,Brien,Simonaitis,Male,bsimonaitisk6@msu.edu,7025960600,Kuanghe
728,Jessalin,Stickens,Female,jstickensk7@miibeian.gov.cn,4738028213,Haninge
729,Ches,Jacob,Male,cjacobk8@abc.net.au,6411002199,Masis
730,Joly,Baccas,Female,jbaccask9@umn.edu,1163344302,Zibreira
731,Robinson,Heald,Male,rhealdka@hexun.com,7469842125,Longnawang
732,Kitty,Urian,Female,kuriankb@opera.com,8762675221,Jacinto Arauz
733,Isidore,McCrackem,Male,imccrackemkc@twitpic.com,5488103248,Qijiaxi
734,Guthrie,Farge,Male,gfargekd@hexun.com,9364256795,Iqaluit
735,Mil,McGarva,Female,mmcgarvake@yellowpages.com,9104943967,Guanchao
736,Edwin,Gherardesci,Male,egherardescikf@posterous.com,9505545509,Yanjiao
737,Twyla,Kayley,Female,tkayleykg@friendfeed.com,7304929010,Viesīte
738,Rosalyn,Madoc-Jones,Female,rmadocjoneskh@yelp.com,2497180443,Lagoa
739,Irena,MacCarrane,Female,imaccarraneki@auda.org.au,1654097831,Promyshlennaya
740,Jeanine,McKimmey,Female,jmckimmeykj@webs.com,8591200434,Hola Prystan’
741,Brandtr,Bragger,Male,bbraggerkk@github.com,7861676379,Leeuwarden
742,Adlai,Phillip,Male,aphillipkl@go.com,6759670953,Cotahuasi
743,Todd,Lynett,Male,tlynettkm@hc360.com,4985165094,Xinpo
744,Ophelia,Tippler,Female,otipplerkn@ucoz.com,2483174578,Varjota
745,Wallache,Hannum,Male,whannumko@google.it,8205470051,Baishan
746,Redford,Fensome,Male,rfensomekp@nymag.com,5025501501,Santa Rita
747,Joyann,Pepall,Female,jpepallkq@elegantthemes.com,3122297973,Rio das Pedras
748,Ced,Yakutin,Male,cyakutinkr@icq.com,7687518040,Thị Trấn Tam Điệp
749,Glad,Fahey,Female,gfaheyks@chron.com,1698281762,Kambar
750,Rollin,Gerrett,Male,rgerrettkt@economist.com,4817836887,Gnieżdżewo
751,Bruno,Besant,Male,bbesantku@hexun.com,2735321298,Lianhe
752,Savina,Groucutt,Female,sgroucuttkv@blogtalkradio.com,3564601053,Caxarias
753,Zak,Gutch,Male,zgutchkw@home.pl,6306465574,Thị Trấn Quế
754,Felicity,Pottage,Female,fpottagekx@xrea.com,1129611051,Ailibugai
755,Saunderson,Lomansey,Male,slomanseyky@photobucket.com,2948648696,Zheleznodorozhnyy
756,Deerdre,MacKee,Female,dmackeekz@cyberchimps.com,9699277252,Punggurharjo
757,Kaycee,Richardin,Female,krichardinl0@t-online.de,6239746994,Thanh Xuân
758,Cesaro,Lavens,Male,clavensl1@cisco.com,6149459578,Columbus
759,Tadeo,Heynel,Male,theynell2@walmart.com,3127847969,Täby
760,Emelen,Stonehouse,Male,estonehousel3@gizmodo.com,9282042463,Poitiers
761,Idelle,Siviour,Female,isiviourl4@irs.gov,1653581227,Além
762,Link,Pape,Male,lpapel5@xinhuanet.com,8624238874,Arinos
763,Teresa,Dowley,Female,tdowleyl6@kickstarter.com,7576435018,Chimboy Shahri
764,Tadeas,Osmund,Male,tosmundl7@uiuc.edu,4734538617,Dongshan
765,Tom,Alderwick,Male,talderwickl8@nyu.edu,1361414888,Souto de Cima
766,Levin,Keasley,Male,lkeasleyl9@wired.com,5047611653,New Orleans
767,Viki,Hatchman,Female,vhatchmanla@google.es,8144930692,Palampal
768,Deeann,Finessy,Female,dfinessylb@economist.com,7088835892,Chancay
769,Adela,Worsley,Female,aworsleylc@soup.io,8588124497,Afanas’yeva
770,Clare,Kyberd,Male,ckyberdld@ucsd.edu,1894711553,Huangjin
771,Ignaz,Dunridge,Male,idunridgele@unesco.org,2469430732,Catanduva
772,Hagen,Berntsson,Male,hberntssonlf@harvard.edu,1882087788,Plavsk
773,Thomasine,Jordison,Female,tjordisonlg@devhub.com,9201481916,Campina Grande do Sul
774,Deidre,Elce,Female,delcelh@jiathis.com,3038249625,Severomorsk
775,Ruddy,Shorthouse,Male,rshorthouseli@noaa.gov,8013492917,Larvik
776,Karil,Bonehill,Female,kbonehilllj@imageshack.us,2794726864,Montpellier
777,Britt,Giacubbo,Male,bgiacubbolk@canalblog.com,5642151082,Ludwin
778,Sollie,Prestney,Male,sprestneyll@photobucket.com,1099818698,Grabów
779,Archambault,Barnby,Male,abarnbylm@cisco.com,3139584947,Jieshou
780,Karlens,Beynkn,Male,kbeynknln@msu.edu,8923641815,Douane
781,Augustina,Mitchiner,Female,amitchinerlo@lycos.com,2072547417,Tugu
782,Dukie,Foord,Male,dfoordlp@eventbrite.com,9313198948,Belize City
783,Donn,Tinkham,Male,dtinkhamlq@clickbank.net,4212397989,Shixi
784,Trish,Rathmell,Female,trathmelllr@newyorker.com,6827077486,Nadezhda
785,Mikael,Buck,Male,mbuckls@comsenz.com,8047767759,Manassas
786,Berti,Antonsson,Male,bantonssonlt@squidoo.com,6725850364,Si Khoraphum
787,Jessalin,Ledrun,Female,jledrunlu@opensource.org,2702131392,Chunyang
788,Christye,Coggen,Female,ccoggenlv@mlb.com,7723249575,Borzęcin
789,Zeb,Kenryd,Male,zkenrydlw@google.fr,6447070086,Kuhmalahti
790,Linnell,Kembry,Female,lkembrylx@smh.com.au,8086188819,Dapeng
791,Caren,Taggerty,Female,ctaggertyly@thetimes.co.uk,4629591339,Girón
792,Taffy,Dingate,Female,tdingatelz@va.gov,6358944575,Lékoni
793,Russ,Kubicka,Male,rkubickam0@businessweek.com,9031947588,Virojoki
794,Lianne,Pountain,Female,lpountainm1@icio.us,5541710149,Funza
795,Carlin,Trousdell,Male,ctrousdellm2@wp.com,8038670627,Le Havre
796,Talbot,Carbery,Male,tcarberym3@wired.com,6386279416,Paris La Défense
797,Leicester,Southgate,Male,lsouthgatem4@who.int,9617229308,Debre Mark’os
798,Berty,Kimberly,Female,bkimberlym5@stanford.edu,9674632229,La Tinguiña
799,Yvor,Tointon,Male,ytointonm6@accuweather.com,2828795631,Seymchan
800,Honor,Wigfield,Female,hwigfieldm7@unicef.org,6589785162,Maying
801,Wells,Blacket,Male,wblacketm8@google.ru,8678340172,Aloja
802,Ann,Spon,Female,asponm9@dyndns.org,8596673003,Funes
803,Jimmie,Jennemann,Male,jjennemannma@nih.gov,2216322523,Oslo
804,Ozzy,Sommerled,Male,osommerledmb@friendfeed.com,2836007948,Prámanta
805,Ivan,Doorly,Male,idoorlymc@is.gd,3334363684,Leuburi
806,Ninnetta,Fold,Female,nfoldmd@webmd.com,7427726397,Jiyizhuang
807,Carree,Winsor,Female,cwinsorme@ucoz.ru,5578609489,Ma’an
808,Jephthah,Smallbone,Male,jsmallbonemf@sitemeter.com,6277038911,Zeleneč
809,Olvan,Andrewartha,Male,oandrewarthamg@ucoz.ru,6964684273,Carpina
810,Dacey,Filde,Female,dfildemh@webs.com,9711303681,Rosario
811,Chiarra,Hamsley,Female,chamsleymi@adobe.com,4855963613,Mirocin
812,Chere,McCart,Female,cmccartmj@photobucket.com,8417715024,Vila Franca da Beira
813,Becki,Marden,Female,bmardenmk@narod.ru,9765929619,Liukou
814,Bondy,Prendergrast,Male,bprendergrastml@ovh.net,3363928231,Vila Verde
815,Xerxes,Balcombe,Male,xbalcombemm@1688.com,8146712221,Xianhe
816,Bear,Bragg,Male,bbraggmn@yellowbook.com,3413827558,Suhong
817,Hirsch,Flynn,Male,hflynnmo@hao123.com,4131755671,Duqiao
818,Theodora,Skillington,Female,tskillingtonmp@com.com,5235361707,Kintinku
819,Carin,Fernez,Female,cfernezmq@tinypic.com,5433904052,Cabanas
820,Irvine,Shankland,Male,ishanklandmr@bing.com,1912854191,Guadalupe
821,Dunstan,Gearing,Male,dgearingms@wisc.edu,1748050122,Nurlat
822,Alix,Cesaric,Male,acesaricmt@ftc.gov,2686954070,Greenland
823,Holly,Shears,Female,hshearsmu@123-reg.co.uk,5036265918,Lyon
824,Jedidiah,Calverd,Male,jcalverdmv@ustream.tv,9485297364,Aţ Ţawīlah
825,Kile,Mantrip,Male,kmantripmw@salon.com,8298355238,Francos
826,Fritz,Durtnel,Male,fdurtnelmx@merriam-webster.com,8364074037,Fuzhuang
827,Tiffanie,Robottom,Female,trobottommy@smugmug.com,8153897386,Sakrand
828,Vivianne,Stood,Female,vstoodmz@google.com.hk,1139270170,Luebo
829,Ardra,Thying,Female,athyingn0@washingtonpost.com,2026771223,La Tinguiña
830,Marrissa,Schohier,Female,mschohiern1@theglobeandmail.com,7681284707,Catujal
831,Sidnee,Darke,Male,sdarken2@miitbeian.gov.cn,2023531159,Washington
832,Leonardo,Kite,Male,lkiten3@google.it,3371474138,Iraray
833,Raynard,Muggeridge,Male,rmuggeridgen4@lulu.com,8313065811,Lian
834,Myra,Rewcassell,Female,mrewcasselln5@sciencedirect.com,2593155042,Ngancar
835,Hailee,Stodit,Female,hstoditn6@domainmarket.com,6961773304,Abangay
836,Scotty,Philbrick,Male,sphilbrickn7@google.co.jp,5884820372,Yelabuga
837,Ronnie,Jandourek,Female,rjandourekn8@cam.ac.uk,6593953985,København
838,Teddi,Garrelts,Female,tgarreltsn9@blinklist.com,5235308946,Vale
839,Matthiew,Sleite,Male,msleitena@google.ru,8412038170,Kibingo
840,Drucie,Verey,Female,dvereynb@hostgator.com,7775898445,Prochnookopskaya
841,Leia,Harsent,Female,lharsentnc@hugedomains.com,2008025009,Al Khamīs
842,Birdie,Ashard,Female,bashardnd@china.com.cn,5349739125,Lingbei
843,Liva,Atack,Female,latackne@com.com,6604832359,Tungi
844,Octavius,Blueman,Male,obluemannf@cnbc.com,8522847450,La Palma
845,Flor,Colbrun,Female,fcolbrunng@4shared.com,2618137911,Shancheng
846,Waldo,Gibke,Male,wgibkenh@ox.ac.uk,2468749180,Santo Domingo
847,Noel,Czaja,Male,nczajani@gizmodo.com,1476607907,Anjozorobe
848,Irma,Aldgate,Female,ialdgatenj@godaddy.com,9978040992,Shimanovsk
849,Steffen,Tomsett,Male,stomsettnk@shareasale.com,8132488862,Ennery
850,Daryn,Hazelton,Female,dhazeltonnl@vkontakte.ru,2047093560,Bungabon
851,Matthieu,Slym,Male,mslymnm@utexas.edu,8336361462,Perovo
852,Currie,Conibeer,Male,cconibeernn@barnesandnoble.com,1512738957,Kashar
853,Dukey,de Quesne,Male,ddequesneno@nationalgeographic.com,8406421217,Nanjie
854,Franz,Pearcey,Male,fpearceynp@hc360.com,2115353886,Calauag
855,Spence,Scarbarrow,Male,sscarbarrownq@edublogs.org,3323892806,Ozerki
856,Lois,Margrie,Female,lmargrienr@shutterfly.com,8985053398,Bjuv
857,Alfy,Blankman,Male,ablankmanns@merriam-webster.com,2973179126,Rosignol
858,Quintina,Fawthorpe,Female,qfawthorpent@flavors.me,2176791241,Geyuan
859,Brendan,Virgin,Male,bvirginnu@npr.org,8082561402,Mukhen
860,Celestine,Ledson,Female,cledsonnv@surveymonkey.com,3195485559,Santiago del Torno
861,Marchelle,Archbutt,Female,marchbuttnw@live.com,9078968778,Staroyur’yevo
862,Emile,McGuane,Male,emcguanenx@geocities.com,9843557540,Lantang
863,Clerc,Corey,Male,ccoreyny@1688.com,6736220979,Messejana
864,Frasier,Iddison,Male,fiddisonnz@goodreads.com,6594081047,Huarancante
865,Twila,Heinecke,Female,theineckeo0@clickbank.net,9967763992,Varnávas
866,Tomi,Huncoot,Female,thuncooto1@samsung.com,4727335198,Sukaharja
867,Chuck,Sansbury,Male,csansburyo2@yelp.com,8671127539,Litan
868,Alick,Simcox,Male,asimcoxo3@quantcast.com,4926215970,Roboré
869,Brien,Waterfall,Male,bwaterfallo4@indiegogo.com,3245807909,Yuxarı Aran
870,Riki,Fermer,Female,rfermero5@ow.ly,4817181324,Utrecht (stad)
871,Emmett,Canadine,Male,ecanadineo6@forbes.com,8372983289,Kalpin
872,Wood,Medforth,Male,wmedfortho7@gov.uk,8755336961,Cavinti
873,Chadd,Jendrich,Male,cjendricho8@alexa.com,3692836062,Kotikawatta
874,Ernest,Mirams,Male,emiramso9@php.net,5499069112,Smidary
875,Corey,Kisar,Male,ckisaroa@over-blog.com,7242739737,Shūsh
876,Lucien,Joreau,Male,ljoreauob@tuttocitta.it,5414314133,Liudaogou
877,Sara,Warder,Female,swarderoc@theguardian.com,7689663246,Monteros
878,Bruce,Record,Male,brecordod@mac.com,4187618483,Meghrashen
879,Rosco,Hawtrey,Male,rhawtreyoe@technorati.com,4778652845,Chouto
880,Ugo,Doget,Male,udogetof@google.cn,3278346738,Guia
881,Orion,Androli,Male,oandroliog@howstuffworks.com,8348118049,Gaspra
882,Hagen,Card,Male,hcardoh@columbia.edu,7574551185,Tanjungbalai
883,Pris,Gourlie,Female,pgourlieoi@twitpic.com,5317132422,Mtsensk
884,Tait,Mulhill,Male,tmulhilloj@fotki.com,5283500664,Bogi
885,Merrielle,Fedorski,Female,mfedorskiok@pen.io,9821239104,Vohipaho
886,Jobina,Moden,Female,jmodenol@businessinsider.com,1402107816,Soutinho
887,Milo,Sotham,Male,msothamom@bloglovin.com,3619539769,Camingawan
888,Augustine,Cuddehay,Female,acuddehayon@ning.com,2318757992,Nor Gyugh
889,Rhiamon,Romeril,Female,rromeriloo@dagondesign.com,1237757525,Lille
890,Onofredo,Palatini,Male,opalatiniop@i2i.jp,8504989997,Langpas
891,Gabi,Cleevely,Female,gcleevelyoq@privacy.gov.au,8661097415,Port Hawkesbury
892,Emily,Algeo,Female,ealgeoor@spiegel.de,9903844761,Moville
893,Terese,Clementson,Female,tclementsonos@google.ca,1493403574,Ādīs Zemen
894,Cordell,McSparran,Male,cmcsparranot@latimes.com,3022778722,Nelahozeves
895,Jewelle,Marsh,Female,jmarshou@shinystat.com,5197265325,Jiefang
896,Marwin,Rannells,Male,mrannellsov@marketwatch.com,2528465557,Arsenal
897,Lucias,Fidoe,Male,lfidoeow@scientificamerican.com,7137201708,Houston
898,Vincents,Munnis,Male,vmunnisox@bloglines.com,9585237394,Ar Ruţbah
899,Taite,Robyns,Male,trobynsoy@cpanel.net,9927837915,Yaguachi Nuevo
900,Desirae,Neads,Female,dneadsoz@altervista.org,5434637147,Budva
901,Steffen,McGaugie,Male,smcgaugiep0@dedecms.com,9099568842,Salsipuedes
902,Florri,Longfoot,Female,flongfootp1@list-manage.com,1671399450,Mangge
903,Florie,Batchelor,Female,fbatchelorp2@privacy.gov.au,6555502501,Getafe
904,Osborn,Carden,Male,ocardenp3@utexas.edu,1777277248,Amuru
905,Roldan,Goldhawk,Male,rgoldhawkp4@psu.edu,8839434666,Bofuer
906,Ofella,Frankling,Female,ofranklingp5@t-online.de,7472013847,Lucheng
907,Miof mela,Edgeworth,Female,medgeworthp6@naver.com,5782780854,Kolbano
908,Nannie,Falls,Female,nfallsp7@phpbb.com,8517665762,Luar
909,Chryste,Purselowe,Female,cpurselowep8@1688.com,6552260615,Pamedaran
910,Aaren,Fraschetti,Female,afraschettip9@weebly.com,6992300701,Annopol
911,Jarvis,Lanyon,Male,jlanyonpa@biglobe.ne.jp,3609762002,Pridraga
912,Paulie,Hydes,Male,phydespb@addtoany.com,8002208882,Tumu
913,Hamish,Rathbone,Male,hrathbonepc@squarespace.com,7775246454,Tuntum
914,Cleveland,Bolderson,Male,cboldersonpd@businessweek.com,5233781360,Linao
915,Baird,Vanichkov,Male,bvanichkovpe@jalbum.net,1152911958,Mazār-e Sharīf
916,Isador,Pierse,Male,ipiersepf@pagesperso-orange.fr,7765540530,Jianli
917,Georgie,Harler,Male,gharlerpg@comcast.net,3271952576,Alcainça
918,Aubert,Bannard,Male,abannardph@imgur.com,4884855417,Goujie
919,My,Hallgate,Male,mhallgatepi@dell.com,6762561929,‘Aşīrah ash Shamālīyah
920,Abdul,Crudgington,Male,acrudgingtonpj@rakuten.co.jp,6622160067,Ryazanskaya
921,Hamnet,Raeside,Male,hraesidepk@prnewswire.com,8889628455,Mangere
922,Portie,Barfitt,Male,pbarfittpl@indiatimes.com,6806956847,Longmen
923,Allison,Dauney,Female,adauneypm@redcross.org,5457295177,Żabia Wola
924,Laina,Isacsson,Female,lisacssonpn@ebay.com,5888039348,Bamban
925,Des,Esselin,Male,desselinpo@mozilla.org,2927326572,Itacoatiara
926,Elroy,Mallion,Male,emallionpp@macromedia.com,4929302003,Tukhlya
927,Sal,Presdie,Female,spresdiepq@bing.com,8183500495,Liangshan
928,Madelin,Heaseman,Female,mheasemanpr@deviantart.com,7822167614,Wangmang
929,Kippie,Tuson,Male,ktusonps@shutterfly.com,7408376742,Xiaozhang
930,Ashley,Dunguy,Female,adunguypt@ihg.com,8792163426,Joliette
931,Cher,Tidcomb,Female,ctidcombpu@discuz.net,2672578413,Dainan
932,Blair,Frostdick,Male,bfrostdickpv@pen.io,7971417143,Yongfu
933,Clarance,Sawle,Male,csawlepw@cloudflare.com,4043822606,Shuangtang
934,Jeno,Messier,Male,jmessierpx@ftc.gov,6627328921,Inta
935,Hollis,Perceval,Male,hpercevalpy@toplist.cz,7255730294,Zelenograd
936,Ellwood,Antal,Male,eantalpz@google.es,7132878625,Le Lamentin
937,Franny,VanBrugh,Female,fvanbrughq0@gnu.org,5953761326,Łysomice
938,Thorsten,De Malchar,Male,tdemalcharq1@cnbc.com,1192611542,Macedo de Cavaleiros
939,Renault,Szymczyk,Male,rszymczykq2@earthlink.net,3368648754,Linköping
940,Brandy,Naish,Male,bnaishq3@xrea.com,1979474335,Sap Yai
941,Tami,Saltsberg,Female,tsaltsbergq4@europa.eu,2026074433,Karlstad
942,Zenia,Harner,Female,zharnerq5@dailymail.co.uk,8123332484,Tahara
943,Francine,Noddles,Female,fnoddlesq6@squidoo.com,2368798593,Corroios
944,Teriann,O'Corrigane,Female,tocorriganeq7@tuttocitta.it,1784553030,Halteu
945,Lazaro,Curteis,Male,lcurteisq8@dmoz.org,8663049377,Bunol
946,Blanch,Keward,Female,bkewardq9@dion.ne.jp,1058960487,Mỹ Xuyên
947,Maddy,Doogan,Male,mdooganqa@bizjournals.com,1776143893,Potulando
948,Michelle,Melly,Female,mmellyqb@mozilla.org,9793642119,Prokhorovka
949,Arnie,Hurburt,Male,ahurburtqc@canalblog.com,1517131556,Morávka
950,Dillie,German,Male,dgermanqd@free.fr,2765505873,Tabu
951,Leoline,Vegas,Female,lvegasqe@sphinn.com,8105271126,Berëza
952,Dunstan,Troucher,Male,dtroucherqf@nytimes.com,4551955785,Mbaïki
953,Gard,Alleyn,Male,galleynqg@elegantthemes.com,3438070003,Lipce Reymontowskie
954,Thorpe,Shackelton,Male,tshackeltonqh@examiner.com,2836736636,Miskindzha
955,Kaleena,Raatz,Female,kraatzqi@dagondesign.com,8942242974,Coroico
956,Niki,Markushkin,Male,nmarkushkinqj@ucoz.ru,4618063665,Villanova
957,Ninette,Rothon,Female,nrothonqk@hibu.com,9775603464,Casa Branca
958,Levey,Maggill'Andreis,Male,lmaggillandreisql@discuz.net,7576195230,Jicomé
959,Hube,Grundell,Male,hgrundellqm@mac.com,9029485852,Uddevalla
960,Cesaro,Dredge,Male,cdredgeqn@icio.us,8437068892,Bagarmossen
961,Claus,Kuhnhardt,Male,ckuhnhardtqo@dagondesign.com,8423862324,Sanxi
962,Barri,Vreiberg,Male,bvreibergqp@mlb.com,7869741654,København
963,Gaston,Trevers,Male,gtreversqq@instagram.com,2964809454,Kathu
964,Josi,Leheude,Female,jleheudeqr@cnbc.com,8699332076,Kítsi
965,Reynold,Withey,Male,rwitheyqs@netscape.com,2232898979,Peraía
966,Salome,Sargerson,Female,ssargersonqt@archive.org,5651438140,Lékhaio
967,Pooh,Metts,Male,pmettsqu@cam.ac.uk,2638821408,Ensanche Luperón
968,Tremayne,Dalmon,Male,tdalmonqv@yellowbook.com,3573598865,Jiaqiao
969,Shaina,Legrice,Female,slegriceqw@oaic.gov.au,6858468012,Medicine Hat
970,Nicolai,Beston,Male,nbestonqx@army.mil,3705176492,Takahashi
971,Jorie,Harflete,Female,jharfleteqy@taobao.com,2618227684,Cherëmushki
972,Gussi,Lockless,Female,glocklessqz@ft.com,1962232044,Phú Khương
973,Rebeca,Janovsky,Female,rjanovskyr0@gmpg.org,6369311395,Semang
974,Torey,Findley,Female,tfindleyr1@abc.net.au,8796242437,Jatiraya
975,Rainer,Fibbings,Male,rfibbingsr2@netvibes.com,7485877648,Pyrgetós
976,Bowie,Peet,Male,bpeetr3@state.gov,7161684471,Sikur
977,Chryste,Tootal,Female,ctootalr4@redcross.org,3071704337,Portela
978,Renell,Charlewood,Female,rcharlewoodr5@narod.ru,8003686709,Nice
979,Adella,Turnock,Female,aturnockr6@sohu.com,5983866933,Reforma
980,Georgi,Iredale,Male,giredaler7@ifeng.com,6155218160,Yujin
981,Lyn,Heasly,Male,lheaslyr8@bing.com,6983063703,Slawharad
982,Hertha,Terney,Female,hterneyr9@comsenz.com,8866763347,Lyuban’
983,Ronalda,Carbert,Female,rcarbertra@artisteer.com,2604342804,San Vicente de Moravia
984,Swen,Kellington,Male,skellingtonrb@ted.com,3799889837,Lins
985,Lurleen,Cockayme,Female,lcockaymerc@tamu.edu,7056559136,Balabag
986,Jamie,MacKnight,Female,jmacknightrd@archive.org,8616487131,Kerkrade
987,Lanny,Ogers,Male,logersre@exblog.jp,2668737368,Jimo
988,Heinrick,Enga,Male,hengarf@webnode.com,4264868904,Guangshun
989,Kellia,Trounce,Female,ktrouncerg@smh.com.au,6973577713,Suso
990,Agustin,Nunnerley,Male,anunnerleyrh@gizmodo.com,9474160409,Batangafo
991,Donn,Spencock,Male,dspencockri@zdnet.com,8992189740,Hedong
992,Logan,Arne,Male,larnerj@spotify.com,5781748714,Tādif
993,Royal,Grundon,Male,rgrundonrk@skyrock.com,7548153536,Tuochuan
994,Fin,Forsyth,Male,fforsythrl@arstechnica.com,4279605474,Maragogipe
995,Sylvan,Clubb,Male,sclubbrm@who.int,9452550526,Kalyny
996,Amalea,Swinnerton,Female,aswinnertonrn@mail.ru,7008167305,Zhigong
997,Benjy,MacLoughlin,Male,bmacloughlinro@theatlantic.com,5593098091,Áthyra
998,Gal,Bushaway,Male,gbushawayrp@tinyurl.com,5897042371,Zhongchao
999,Georgie,McLardie,Female,gmclardierq@google.com.hk,1614730069,Situsari
1000,Shela,Owbridge,Female,sowbridgerr@google.it,6028359899,Lalībela
